{"cameraMode":{"drawMode":0,"name":"Shaded","section":"Shading Mode"},"sceneLighting":false,"audioPlay":false,"sceneViewState":{"m_AlwaysRefresh":false,"showFog":true,"showSkybox":true,"showFlares":true,"showImageEffects":true,"showParticleSystems":true,"showVisualEffectGraphs":true,"m_FxEnabled":true},"in2DMode":false,"pivot":{"x":0.6763981580734253,"y":3.0788040161132814,"z":3.1803388595581056},"rotation":{"x":0.00999593548476696,"y":0.7677224278450012,"z":-0.011975675821304322,"w":0.6406260132789612},"size":10.727652549743653,"orthographic":false}